insert into Peers values ('austpowe', '1949-01-01');
insert into Peers values ('BananaPeer', '1969-01-01');
insert into Peers values ('BerryPeer', '1979-01-01');
insert into Peers values ('TommyGun', '2000-04-02');
insert into Peers values ('SuperChel', '1998-03-03');

insert into Tasks values ('C2_SimpleBashUtils', null, 250);
insert into Tasks values ('C3_S21_StringPlus', 'C2_SimpleBashUtils', 500);
insert into Tasks values ('C4_S21_math', 'C2_SimpleBashUtils', 300);
insert into Tasks values ('C7_S21_SmartCalc_v1.0', 'C3_S21_StringPlus', 500);
insert into Tasks values ('D01_Linux', 'C3_S21_StringPlus', 300);
insert into Tasks values ('CPP1_s21_matrix+', 'C7_S21_SmartCalc_v1.0', 300);

insert into Checks values (default, 'BananaPeer', 'C2_SimpleBashUtils', '2023-01-01');
insert into Checks values (default, 'SuperChel', 'C4_S21_math', '2023-01-04');
insert into Checks values (default, 'BerryPeer', 'C3_S21_StringPlus', '2023-01-06');
insert into Checks values (default, 'SuperChel', 'C7_S21_SmartCalc_v1.0', '2023-01-20');
insert into Checks values (default, 'austpowe', 'C4_S21_math', '2023-01-27');
insert into Checks values (default, 'TommyGun', 'C2_SimpleBashUtils', '2023-02-02');
insert into Checks values (default, 'BananaPeer', 'C3_S21_StringPlus', '2023-02-11');
insert into Checks values (default, 'SuperChel', 'D01_Linux', '2023-02-22');
insert into Checks values (default, 'TommyGun', 'C3_S21_StringPlus', '2023-02-22');
insert into Checks values (default, 'BerryPeer', 'C3_S21_StringPlus', '2023-02-22');
insert into Checks values (default, 'SuperChel', 'CPP1_s21_matrix+', '2023-03-03');
insert into Checks values (default, 'austpowe', 'C7_S21_SmartCalc_v1.0', '2023-03-03');
insert into Checks values (default, 'BananaPeer', 'C4_S21_math', '2023-03-16');
insert into Checks values (default, 'austpowe', 'C7_S21_SmartCalc_v1.0', '2023-03-16');
insert into Checks values (default, 'BerryPeer', 'C4_S21_math', '2023-03-16');
insert into Checks values (default, 'BananaPeer', 'C4_S21_math', '2023-04-01');
insert into Checks values (default, 'TommyGun', 'C4_S21_math', '2023-04-02');
insert into Checks values (default, 'austpowe', 'D01_Linux', '2023-04-14');
insert into Checks values (default, 'BerryPeer', 'C4_S21_math', '2023-04-14');

insert into P2P values (default, 1, 'SuperChel', 'Start', '10:05:00');
insert into P2P values (default, 1, 'SuperChel', 'Success', '10:35:00');
insert into P2P values (default, 2, 'BananaPeer', 'Start', '12:00:05');
insert into P2P values (default, 2, 'BananaPeer', 'Success', '12:40:05');
insert into P2P values (default, 3, 'austpowe', 'Start', '11:55:00');
insert into P2P values (default, 3, 'austpowe', 'Failure', '12:05:00');
insert into P2P values (default, 4, 'TommyGun', 'Start', '15:25:05');
insert into P2P values (default, 4, 'TommyGun', 'Success', '16:05:05');
insert into P2P values (default, 5, 'SuperChel', 'Start', '08:15:05');
insert into P2P values (default, 5, 'SuperChel', 'Success', '08:44:05');
insert into P2P values (default, 6, 'BerryPeer', 'Start', '18:45:05');
insert into P2P values (default, 6, 'BerryPeer', 'Success', '19:10:00');
insert into P2P values (default, 7, 'BerryPeer', 'Start', '14:00:00');
insert into P2P values (default, 7, 'BerryPeer', 'Success', '14:35:05');
insert into P2P values (default, 8, 'austpowe', 'Start', '08:15:00');
insert into P2P values (default, 8, 'austpowe', 'Success', '08:45:00');
insert into P2P values (default, 9, 'SuperChel', 'Start', '01:20:00');
insert into P2P values (default, 9, 'SuperChel', 'Success', '01:45:00');
insert into P2P values (default, 10, 'austpowe', 'Start', '07:30:00');
insert into P2P values (default, 10, 'austpowe', 'Success', '8:10:55');
insert into P2P values (default, 11, 'TommyGun', 'Start', '15:25:00');
insert into P2P values (default, 11, 'TommyGun', 'Success', '16:05:44');
insert into P2P values (default, 12, 'SuperChel', 'Start', '11:33:00');
insert into P2P values (default, 12, 'SuperChel', 'Failure', '11:50:00');
insert into P2P values (default, 13, 'BerryPeer', 'Start', '12:00:00');
insert into P2P values (default, 13, 'BerryPeer', 'Failure', '12:34:02');
insert into P2P values (default, 14, 'BananaPeer', 'Start', '21:10:00');
insert into P2P values (default, 14, 'BananaPeer', 'Success', '21:41:11');
insert into P2P values (default, 15, 'BananaPeer', 'Start', '11:30:00');
insert into P2P values (default, 15, 'BananaPeer', 'Success', '12:30:00');
insert into P2P values (default, 16, 'austpowe', 'Start', '13:00:00');
insert into P2P values (default, 16, 'austpowe', 'Success', '13:25:23');
insert into P2P values (default, 17, 'BerryPeer', 'Start', '15:35:00');
insert into P2P values (default, 17, 'BerryPeer', 'Success', '15:55:05');
insert into P2P values (default, 18, 'TommyGun', 'Start', '19:05:00');
insert into P2P values (default, 18, 'TommyGun', 'Success', '20:01:03');
insert into P2P values (default, 19, 'austpowe', 'Start', '20:15:00');
insert into P2P values (default, 19, 'austpowe', 'Success', '20:37:14');

insert into Verter values (default, 1,  'Start', '10:35:00');
insert into Verter values (default, 1,  'Success', '10:37:00');
insert into Verter values (default, 2,  'Start', '12:40:05');
insert into Verter values (default, 2,  'Success', '12:41:09');
insert into Verter values (default, 4, 'Start', '16:05:05');
insert into Verter values (default, 4, 'Success', '16:06:00');
insert into Verter values (default, 5,  'Start', '08:44:05');
insert into Verter values (default, 5,  'Success', '08:44:50');
insert into Verter values (default, 6,  'Start', '19:10:00');
insert into Verter values (default, 6,  'Success', '19:11:00');
insert into Verter values (default, 7,  'Start', '14:35:05');
insert into Verter values (default, 7,  'Success', '14:36:22');
insert into Verter values (default, 8,  'Start', '08:45:00');
insert into Verter values (default, 8,  'Success', '08:48:00');
insert into Verter values (default, 9,  'Start', '01:45:00');
insert into Verter values (default, 9,  'Success', '01:45:20');
insert into Verter values (default, 10,  'Start', '8:10:55');
insert into Verter values (default, 10, 'Success', '8:11:22');
insert into Verter values (default, 11,  'Start', '16:05:44');
insert into Verter values (default, 11,  'Success', '16:06:32');
insert into Verter values (default, 14,  'Start', '21:41:11');
insert into Verter values (default, 14,  'Success', '21:41:49');
insert into Verter values (default, 15,  'Start', '12:30:00');
insert into Verter values (default, 15,  'Success', '12:30:54');
insert into Verter values (default, 16,  'Start', '13:25:23');
insert into Verter values (default, 16,  'Success', '13:26:05');
insert into Verter values (default, 17,   'Start', '15:55:05');
insert into Verter values (default, 17,   'Failure', '15:56:10');
insert into Verter values (default, 18,  'Start', '20:01:03');
insert into Verter values (default, 18,  'Success', '20:02:00');
insert into Verter values (default, 19,  'Start', '20:37:14');
insert into Verter values (default, 19,  'Success', '20:38:56');

insert into TransferredPoints values (default, 'SuperChel', 'BananaPeer',  1);
insert into TransferredPoints values (default, 'BananaPeer', 'SuperChel', 1);
insert into TransferredPoints values (default, 'austpowe', 'BerryPeer', 3);
insert into TransferredPoints values (default, 'TommyGun', 'SuperChel', 2);
insert into TransferredPoints values (default, 'SuperChel', 'austpowe', 2);
insert into TransferredPoints values (default, 'BerryPeer', 'TommyGun', 2);
insert into TransferredPoints values (default, 'BerryPeer', 'BananaPeer', 2);
insert into TransferredPoints values (default, 'austpowe', 'SuperChel', 1);
insert into TransferredPoints values (default, 'SuperChel', 'TommyGun', 1);
insert into TransferredPoints values (default, 'BananaPeer', 'austpowe', 1);
insert into TransferredPoints values (default, 'BananaPeer', 'BerryPeer', 1);
insert into TransferredPoints values (default, 'austpowe', 'BananaPeer', 1);
insert into TransferredPoints values (default, 'TommyGun', 'austpowe',  1);

insert into Friends values (default, 'BananaPeer', 'BerryPeer');
insert into Friends values (default, 'BananaPeer', 'SuperChel');
insert into Friends values (default, 'TommyGun', 'SuperChel');
insert into Friends values (default, 'TommyGun', 'austpowe');
insert into Friends values (default, 'austpowe', 'BerryPeer');
insert into Friends values (default, 'BerryPeer', 'SuperChel');

insert into Recommendations values (default, 'BananaPeer', 'SuperChel');
insert into Recommendations values (default, 'BerryPeer', 'austpowe');
insert into Recommendations values (default, 'SuperChel', 'TommyGun');
insert into Recommendations values (default, 'austpowe', 'SuperChel');
insert into Recommendations values (default, 'BananaPeer', 'BerryPeer');
insert into Recommendations values (default, 'TommyGun', 'SuperChel');

insert into XP values (default, 1, 220);
insert into XP values (default, 2, 300);
insert into XP values (default, 4, 350);
insert into XP values (default, 5, 500);
insert into XP values (default, 6, 200);
insert into XP values (default, 7, 470);
insert into XP values (default, 8, 280);
insert into XP values (default, 9, 490);
insert into XP values (default, 10, 500);
insert into XP values (default, 11, 270);
insert into XP values (default, 14, 450);
insert into XP values (default, 15, 265);
insert into XP values (default, 16, 290);
insert into XP values (default, 18, 300);
insert into XP values (default, 19, 300);

insert into TimeTracking values (default, 'BananaPeer', '2023-01-01', '09:02:00', 1);
insert into TimeTracking values (default, 'BananaPeer', '2023-01-01', '13:20:00', 2);
insert into TimeTracking values (default, 'BananaPeer', '2023-01-01', '14:00:00', 1);
insert into TimeTracking values (default, 'BananaPeer', '2023-01-01', '18:30:00', 2);
insert into TimeTracking values (default, 'SuperChel', '2023-01-01', '08:00:00', 1);
insert into TimeTracking values (default, 'SuperChel', '2023-01-01', '20:00:00', 2);
insert into TimeTracking values (default, 'BerryPeer', '2023-01-01', '11:10:09', 1);
insert into TimeTracking values (default, 'BerryPeer', '2023-01-02', '08:00:00', 2);
insert into TimeTracking values (default, 'SuperChel', '2023-01-20', '10:03:00', 1);
insert into TimeTracking values (default, 'SuperChel', '2023-01-20', '19:04:00', 2);
insert into TimeTracking values (default, 'austpowe', '2023-01-27', '10:04:00', 1);
insert into TimeTracking values (default, 'austpowe', '2023-01-27', '13:04:00', 2);
insert into TimeTracking values (default, 'TommyGun', '2023-02-02', '15:03:00', 1);
insert into TimeTracking values (default, 'TommyGun', '2023-02-02', '20:04:00', 2);
insert into TimeTracking values (default, 'TommyGun', '2023-02-02', '21:03:00', 1);
insert into TimeTracking values (default, 'TommyGun', '2023-02-03', '12:04:00', 2);
insert into TimeTracking values (default, 'BananaPeer', '2023-02-11', '09:30:00', 1);
insert into TimeTracking values (default, 'BananaPeer', '2023-02-11', '19:50:00', 2);
insert into TimeTracking values (default, 'SuperChel', '2023-02-18', '08:00:00', 1);
insert into TimeTracking values (default, 'SuperChel', '2023-02-18', '09:30:00', 2);
insert into TimeTracking values (default, 'TommyGun', '2023-02-21', '11:40:09', 1);
insert into TimeTracking values (default, 'TommyGun', '2023-02-22', '04:30:00', 2);
insert into TimeTracking values (default, 'BerryPeer', '2023-02-27', '10:10:00', 1);
insert into TimeTracking values (default, 'BerryPeer', '2023-02-27', '20:10:00', 2);
insert into TimeTracking values (default, 'SuperChel', '2023-02-27', '12:22:00', 1);
insert into TimeTracking values (default, 'SuperChel', '2023-02-28', '00:20:02', 2);
insert into TimeTracking values (default, 'austpowe', '2023-03-07', '10:40:43', 1);
insert into TimeTracking values (default, 'austpowe', '2023-03-07', '16:20:00', 2);
insert into TimeTracking values (default, 'austpowe', '2023-03-16', '10:00:00', 1);
insert into TimeTracking values (default, 'austpowe', '2023-03-16', '18:40:00', 2);
insert into TimeTracking values (default, 'BananaPeer', '2023-03-16', '10:20:00', 1);
insert into TimeTracking values (default, 'BananaPeer', '2023-03-16', '13:20:00', 2);
insert into TimeTracking values (default, 'BerryPeer', '2023-03-24', '11:23:00', 1);
insert into TimeTracking values (default, 'BerryPeer', '2023-03-24', '13:20:00', 2);
insert into TimeTracking values (default, 'BananaPeer', '2023-04-01', '06:20:00', 1);
insert into TimeTracking values (default, 'BananaPeer', '2023-04-01', '19:20:00', 2);